Treatment,Replicate,DeathDay,Survived
Imidacloprid,1,2,0
Imidacloprid,4,2,0
Imidacloprid,30,3,0
Imidacloprid,5,4,0
Imidacloprid,5,4,0
Imidacloprid,6,4,0
Imidacloprid,22,4,0
Imidacloprid,22,4,0
Imidacloprid,22,4,0
Imidacloprid,22,4,0
Imidacloprid,22,4,0
Imidacloprid,24,4,0
Imidacloprid,26,4,0
Imidacloprid,27,4,0
Imidacloprid,2,5,0
Imidacloprid,10,5,0
Imidacloprid,16,5,0
Imidacloprid,16,5,0
Imidacloprid,16,5,0
Imidacloprid,22,5,0
Imidacloprid,23,5,0
Imidacloprid,24,5,0
Imidacloprid,24,5,0
Imidacloprid,24,5,0
Imidacloprid,24,5,0
Imidacloprid,24,5,0
Imidacloprid,25,5,0
Imidacloprid,25,5,0
Imidacloprid,25,5,0
Imidacloprid,25,5,0
Imidacloprid,27,5,0
Imidacloprid,28,5,0
Imidacloprid,29,5,0
Imidacloprid,16,6,0
Imidacloprid,16,6,0
Imidacloprid,16,6,0
Imidacloprid,19,6,0
Imidacloprid,22,6,0
Imidacloprid,25,6,0
Imidacloprid,27,7,0
Imidacloprid,17,10,0
Imidacloprid,20,10,0
Imidacloprid,25,10,0
Imidacloprid,27,10,0
Imidacloprid,1,11,0
Imidacloprid,12,11,0
Imidacloprid,17,11,0
Imidacloprid,1,12,0
Imidacloprid,1,12,0
Imidacloprid,1,12,0
Imidacloprid,1,12,0
Imidacloprid,1,12,0
Imidacloprid,1,12,0
Imidacloprid,1,12,0
Imidacloprid,5,12,0
Imidacloprid,10,12,0
Imidacloprid,10,12,0
Imidacloprid,23,12,0
Imidacloprid,29,12,0
Imidacloprid,29,12,0
Imidacloprid,7,13,0
Imidacloprid,14,13,0
Imidacloprid,17,13,0
Imidacloprid,23,13,0
Imidacloprid,29,13,0
Imidacloprid,8,14,0
Imidacloprid,16,14,0
Imidacloprid,17,14,0
Imidacloprid,17,14,0
Imidacloprid,19,14,0
Imidacloprid,19,14,0
Imidacloprid,20,14,0
Imidacloprid,5,15,0
Imidacloprid,8,15,0
Imidacloprid,17,15,0
Imidacloprid,19,15,0
Imidacloprid,20,15,0
Imidacloprid,30,15,0
Imidacloprid,9,17,0
Imidacloprid,9,17,0
Imidacloprid,13,17,0
Imidacloprid,13,17,0
Imidacloprid,17,17,0
Imidacloprid,17,17,0
Imidacloprid,17,17,0
Imidacloprid,23,17,0
Imidacloprid,23,17,0
Imidacloprid,23,17,0
Imidacloprid,23,17,0
Imidacloprid,27,17,0
Imidacloprid,29,17,0
Imidacloprid,29,17,0
Imidacloprid,1,18,0
Imidacloprid,4,18,0
Imidacloprid,8,18,0
Imidacloprid,13,18,0
Imidacloprid,14,18,0
Imidacloprid,18,18,0
Imidacloprid,18,18,0
Imidacloprid,18,18,0
Imidacloprid,19,18,0
Imidacloprid,19,18,0
Imidacloprid,19,18,0
Imidacloprid,19,18,0
Imidacloprid,22,18,0
Imidacloprid,23,18,0
Imidacloprid,29,18,0
Imidacloprid,9,19,0
Imidacloprid,12,19,0
Imidacloprid,13,19,0
Imidacloprid,19,19,0
Imidacloprid,20,19,0
Imidacloprid,21,19,0
Imidacloprid,25,19,0
Imidacloprid,25,19,0
Imidacloprid,25,19,0
Imidacloprid,25,19,0
Imidacloprid,5,20,0
Imidacloprid,11,20,0
Imidacloprid,11,20,0
Imidacloprid,11,20,0
Imidacloprid,13,20,0
Imidacloprid,23,20,0
Imidacloprid,27,20,0
Imidacloprid,30,20,0
Imidacloprid,4,21,0
Imidacloprid,7,21,0
Imidacloprid,13,21,0
Imidacloprid,13,21,0
Imidacloprid,28,21,0
Imidacloprid,2,22,0
Imidacloprid,2,22,0
Imidacloprid,3,22,0
Imidacloprid,3,22,0
Imidacloprid,3,22,0
Imidacloprid,6,22,0
Imidacloprid,6,22,0
Imidacloprid,7,22,0
Imidacloprid,10,22,0
Imidacloprid,11,22,0
Imidacloprid,12,22,0
Imidacloprid,13,22,0
Imidacloprid,16,22,0
Imidacloprid,16,22,0
Imidacloprid,18,22,0
Imidacloprid,30,22,0
Imidacloprid,30,22,0
Imidacloprid,7,23,0
Imidacloprid,9,23,0
Imidacloprid,14,23,0
Imidacloprid,14,23,0
Imidacloprid,19,23,0
Imidacloprid,26,23,0
Imidacloprid,29,23,0
Imidacloprid,3,24,0
Imidacloprid,3,24,0
Imidacloprid,3,24,0
Imidacloprid,6,24,0
Imidacloprid,7,24,0
Imidacloprid,8,24,0
Imidacloprid,13,24,0
Imidacloprid,15,24,0
Imidacloprid,15,24,0
Imidacloprid,16,24,0
Imidacloprid,18,24,0
Imidacloprid,24,24,0
Imidacloprid,2,25,0
Imidacloprid,3,25,0
Imidacloprid,4,25,0
Imidacloprid,7,25,0
Imidacloprid,9,25,0
Imidacloprid,11,25,0
Imidacloprid,12,25,0
Imidacloprid,12,25,0
Imidacloprid,15,25,0
Imidacloprid,24,25,0
Imidacloprid,26,25,0
Imidacloprid,28,25,0
Imidacloprid,29,25,0
Imidacloprid,3,26,0
Imidacloprid,3,26,0
Imidacloprid,4,26,0
Imidacloprid,4,26,0
Imidacloprid,5,26,0
Imidacloprid,5,26,0
Imidacloprid,5,26,0
Imidacloprid,8,26,0
Imidacloprid,8,26,0
Imidacloprid,8,26,0
Imidacloprid,10,26,0
Imidacloprid,11,26,0
Imidacloprid,12,26,0
Imidacloprid,14,26,0
Imidacloprid,14,26,0
Imidacloprid,14,26,0
Imidacloprid,18,26,0
Imidacloprid,21,26,0
Imidacloprid,28,26,0
Imidacloprid,30,26,0
Imidacloprid,30,26,0
Imidacloprid,2,27,0
Imidacloprid,7,27,0
Imidacloprid,10,27,0
Imidacloprid,22,27,0
Imidacloprid,7,28,0
Imidacloprid,17,28,0
Imidacloprid,18,28,0
Imidacloprid,26,28,0
Imidacloprid,27,28,0
Imidacloprid,29,28,0
Imidacloprid,2,29,0
Imidacloprid,2,29,0
Imidacloprid,5,29,0
Imidacloprid,6,29,0
Imidacloprid,6,29,0
Imidacloprid,7,29,0
Imidacloprid,8,29,0
Imidacloprid,8,29,0
Imidacloprid,9,29,0
Imidacloprid,9,29,0
Imidacloprid,9,29,0
Imidacloprid,9,29,0
Imidacloprid,11,29,0
Imidacloprid,13,29,0
Imidacloprid,15,29,0
Imidacloprid,20,29,0
Imidacloprid,22,29,0
Imidacloprid,24,29,0
Imidacloprid,24,29,0
Imidacloprid,26,29,0
Imidacloprid,26,29,0
Imidacloprid,28,29,0
Imidacloprid,2,30,0
Imidacloprid,10,30,0
Imidacloprid,12,30,0
Imidacloprid,14,30,0
Imidacloprid,15,30,0
Imidacloprid,21,30,0
Imidacloprid,26,30,0
Imidacloprid,30,30,0
Imidacloprid,2,30,1
Imidacloprid,2,30,1
Imidacloprid,3,30,1
Imidacloprid,4,30,1
Imidacloprid,4,30,1
Imidacloprid,4,30,1
Imidacloprid,4,30,1
Imidacloprid,5,30,1
Imidacloprid,6,30,1
Imidacloprid,6,30,1
Imidacloprid,6,30,1
Imidacloprid,6,30,1
Imidacloprid,7,30,1
Imidacloprid,8,30,1
Imidacloprid,9,30,1
Imidacloprid,10,30,1
Imidacloprid,10,30,1
Imidacloprid,10,30,1
Imidacloprid,11,30,1
Imidacloprid,11,30,1
Imidacloprid,11,30,1
Imidacloprid,12,30,1
Imidacloprid,12,30,1
Imidacloprid,12,30,1
Imidacloprid,14,30,1
Imidacloprid,14,30,1
Imidacloprid,15,30,1
Imidacloprid,15,30,1
Imidacloprid,15,30,1
Imidacloprid,15,30,1
Imidacloprid,15,30,1
Imidacloprid,18,30,1
Imidacloprid,18,30,1
Imidacloprid,18,30,1
Imidacloprid,20,30,1
Imidacloprid,20,30,1
Imidacloprid,20,30,1
Imidacloprid,20,30,1
Imidacloprid,20,30,1
Imidacloprid,21,30,1
Imidacloprid,21,30,1
Imidacloprid,21,30,1
Imidacloprid,21,30,1
Imidacloprid,21,30,1
Imidacloprid,21,30,1
Imidacloprid,21,30,1
Imidacloprid,23,30,1
Imidacloprid,26,30,1
Imidacloprid,26,30,1
Imidacloprid,26,30,1
Imidacloprid,27,30,1
Imidacloprid,27,30,1
Imidacloprid,27,30,1
Imidacloprid,28,30,1
Imidacloprid,28,30,1
Imidacloprid,28,30,1
Imidacloprid,28,30,1
Imidacloprid,28,30,1
Imidacloprid,30,30,1
Imidacloprid,30,30,1
TauFluvalinate,32,2,0
TauFluvalinate,55,2,0
TauFluvalinate,55,2,0
TauFluvalinate,55,2,0
TauFluvalinate,58,2,0
TauFluvalinate,41,3,0
TauFluvalinate,41,3,0
TauFluvalinate,41,3,0
TauFluvalinate,41,3,0
TauFluvalinate,42,3,0
TauFluvalinate,42,3,0
TauFluvalinate,43,3,0
TauFluvalinate,48,3,0
TauFluvalinate,50,3,0
TauFluvalinate,50,3,0
TauFluvalinate,50,3,0
TauFluvalinate,50,3,0
TauFluvalinate,39,4,0
TauFluvalinate,39,4,0
TauFluvalinate,39,4,0
TauFluvalinate,39,4,0
TauFluvalinate,39,4,0
TauFluvalinate,39,4,0
TauFluvalinate,39,4,0
TauFluvalinate,39,4,0
TauFluvalinate,41,4,0
TauFluvalinate,41,4,0
TauFluvalinate,41,4,0
TauFluvalinate,41,4,0
TauFluvalinate,41,4,0
TauFluvalinate,41,4,0
TauFluvalinate,50,4,0
TauFluvalinate,50,4,0
TauFluvalinate,50,4,0
TauFluvalinate,50,4,0
TauFluvalinate,50,4,0
TauFluvalinate,50,4,0
TauFluvalinate,55,4,0
TauFluvalinate,60,4,0
TauFluvalinate,60,4,0
TauFluvalinate,60,4,0
TauFluvalinate,60,4,0
TauFluvalinate,60,4,0
TauFluvalinate,31,5,0
TauFluvalinate,31,5,0
TauFluvalinate,31,5,0
TauFluvalinate,32,5,0
TauFluvalinate,35,5,0
TauFluvalinate,35,5,0
TauFluvalinate,36,5,0
TauFluvalinate,37,5,0
TauFluvalinate,39,5,0
TauFluvalinate,39,5,0
TauFluvalinate,48,5,0
TauFluvalinate,48,5,0
TauFluvalinate,48,5,0
TauFluvalinate,48,5,0
TauFluvalinate,48,5,0
TauFluvalinate,48,5,0
TauFluvalinate,48,5,0
TauFluvalinate,48,5,0
TauFluvalinate,48,5,0
TauFluvalinate,52,5,0
TauFluvalinate,58,5,0
TauFluvalinate,58,5,0
TauFluvalinate,58,5,0
TauFluvalinate,58,5,0
TauFluvalinate,58,5,0
TauFluvalinate,58,5,0
TauFluvalinate,32,6,0
TauFluvalinate,33,6,0
TauFluvalinate,33,6,0
TauFluvalinate,36,6,0
TauFluvalinate,36,6,0
TauFluvalinate,37,6,0
TauFluvalinate,43,6,0
TauFluvalinate,43,6,0
TauFluvalinate,52,6,0
TauFluvalinate,47,7,0
TauFluvalinate,55,8,0
TauFluvalinate,52,9,0
TauFluvalinate,32,11,0
TauFluvalinate,46,11,0
TauFluvalinate,47,11,0
TauFluvalinate,40,12,0
TauFluvalinate,40,12,0
TauFluvalinate,43,12,0
TauFluvalinate,52,12,0
TauFluvalinate,31,13,0
TauFluvalinate,32,13,0
TauFluvalinate,32,13,0
TauFluvalinate,34,13,0
TauFluvalinate,37,13,0
TauFluvalinate,49,13,0
TauFluvalinate,32,14,0
TauFluvalinate,33,14,0
TauFluvalinate,34,14,0
TauFluvalinate,37,14,0
TauFluvalinate,38,14,0
TauFluvalinate,40,14,0
TauFluvalinate,49,14,0
TauFluvalinate,52,14,0
TauFluvalinate,53,14,0
TauFluvalinate,58,14,0
TauFluvalinate,37,15,0
TauFluvalinate,43,15,0
TauFluvalinate,44,15,0
TauFluvalinate,44,15,0
TauFluvalinate,53,15,0
TauFluvalinate,53,15,0
TauFluvalinate,57,15,0
TauFluvalinate,57,15,0
TauFluvalinate,57,15,0
TauFluvalinate,32,16,0
TauFluvalinate,40,16,0
TauFluvalinate,55,16,0
TauFluvalinate,57,16,0
TauFluvalinate,57,16,0
TauFluvalinate,32,17,0
TauFluvalinate,35,17,0
TauFluvalinate,35,17,0
TauFluvalinate,40,17,0
TauFluvalinate,42,17,0
TauFluvalinate,43,17,0
TauFluvalinate,43,17,0
TauFluvalinate,43,17,0
TauFluvalinate,46,17,0
TauFluvalinate,49,17,0
TauFluvalinate,49,17,0
TauFluvalinate,53,17,0
TauFluvalinate,53,17,0
TauFluvalinate,53,17,0
TauFluvalinate,55,17,0
TauFluvalinate,59,17,0
TauFluvalinate,60,17,0
TauFluvalinate,60,17,0
TauFluvalinate,33,18,0
TauFluvalinate,35,18,0
TauFluvalinate,36,18,0
TauFluvalinate,36,18,0
TauFluvalinate,37,18,0
TauFluvalinate,38,18,0
TauFluvalinate,42,18,0
TauFluvalinate,42,18,0
TauFluvalinate,43,18,0
TauFluvalinate,46,18,0
TauFluvalinate,46,18,0
TauFluvalinate,46,18,0
TauFluvalinate,46,18,0
TauFluvalinate,47,18,0
TauFluvalinate,47,18,0
TauFluvalinate,49,18,0
TauFluvalinate,49,18,0
TauFluvalinate,49,18,0
TauFluvalinate,49,18,0
TauFluvalinate,49,18,0
TauFluvalinate,52,18,0
TauFluvalinate,55,18,0
TauFluvalinate,56,18,0
TauFluvalinate,56,18,0
TauFluvalinate,56,18,0
TauFluvalinate,57,18,0
TauFluvalinate,57,18,0
TauFluvalinate,59,18,0
TauFluvalinate,60,18,0
TauFluvalinate,60,18,0
TauFluvalinate,60,18,0
TauFluvalinate,34,19,0
TauFluvalinate,37,19,0
TauFluvalinate,43,19,0
TauFluvalinate,45,19,0
TauFluvalinate,45,19,0
TauFluvalinate,45,19,0
TauFluvalinate,45,19,0
TauFluvalinate,47,19,0
TauFluvalinate,54,19,0
TauFluvalinate,32,20,0
TauFluvalinate,34,20,0
TauFluvalinate,37,20,0
TauFluvalinate,37,20,0
TauFluvalinate,37,20,0
TauFluvalinate,38,20,0
TauFluvalinate,38,20,0
TauFluvalinate,52,20,0
TauFluvalinate,54,20,0
TauFluvalinate,54,20,0
TauFluvalinate,54,20,0
TauFluvalinate,58,20,0
TauFluvalinate,58,20,0
TauFluvalinate,59,20,0
TauFluvalinate,31,21,0
TauFluvalinate,34,21,0
TauFluvalinate,42,21,0
TauFluvalinate,42,21,0
TauFluvalinate,42,21,0
TauFluvalinate,46,21,0
TauFluvalinate,51,21,0
TauFluvalinate,54,21,0
TauFluvalinate,54,21,0
TauFluvalinate,60,21,0
TauFluvalinate,33,22,0
TauFluvalinate,42,22,0
TauFluvalinate,44,22,0
TauFluvalinate,44,22,0
TauFluvalinate,46,22,0
TauFluvalinate,48,22,0
TauFluvalinate,56,22,0
TauFluvalinate,46,23,0
TauFluvalinate,47,23,0
TauFluvalinate,47,23,0
TauFluvalinate,53,23,0
TauFluvalinate,54,23,0
TauFluvalinate,59,23,0
TauFluvalinate,31,24,0
TauFluvalinate,34,24,0
TauFluvalinate,35,24,0
TauFluvalinate,44,24,0
TauFluvalinate,57,24,0
TauFluvalinate,59,24,0
TauFluvalinate,33,25,0
TauFluvalinate,35,25,0
TauFluvalinate,46,25,0
TauFluvalinate,56,25,0
TauFluvalinate,56,25,0
TauFluvalinate,33,26,0
TauFluvalinate,33,26,0
TauFluvalinate,33,26,0
TauFluvalinate,36,26,0
TauFluvalinate,38,26,0
TauFluvalinate,44,26,0
TauFluvalinate,45,26,0
TauFluvalinate,45,26,0
TauFluvalinate,47,26,0
TauFluvalinate,52,26,0
TauFluvalinate,33,27,0
TauFluvalinate,40,27,0
TauFluvalinate,52,27,0
TauFluvalinate,53,27,0
TauFluvalinate,54,27,0
TauFluvalinate,56,27,0
TauFluvalinate,34,28,0
TauFluvalinate,38,28,0
TauFluvalinate,38,28,0
TauFluvalinate,51,28,0
TauFluvalinate,51,28,0
TauFluvalinate,51,28,0
TauFluvalinate,55,28,0
TauFluvalinate,57,28,0
TauFluvalinate,59,28,0
TauFluvalinate,31,29,0
TauFluvalinate,35,29,0
TauFluvalinate,35,29,0
TauFluvalinate,44,29,0
TauFluvalinate,45,29,0
TauFluvalinate,45,29,0
TauFluvalinate,51,29,0
TauFluvalinate,53,29,0
TauFluvalinate,54,29,0
TauFluvalinate,34,30,0
TauFluvalinate,34,30,0
TauFluvalinate,51,30,0
TauFluvalinate,52,30,0
TauFluvalinate,53,30,0
TauFluvalinate,59,30,0
TauFluvalinate,31,30,1
TauFluvalinate,31,30,1
TauFluvalinate,31,30,1
TauFluvalinate,34,30,1
TauFluvalinate,35,30,1
TauFluvalinate,36,30,1
TauFluvalinate,36,30,1
TauFluvalinate,36,30,1
TauFluvalinate,36,30,1
TauFluvalinate,38,30,1
TauFluvalinate,38,30,1
TauFluvalinate,38,30,1
TauFluvalinate,40,30,1
TauFluvalinate,40,30,1
TauFluvalinate,40,30,1
TauFluvalinate,40,30,1
TauFluvalinate,42,30,1
TauFluvalinate,44,30,1
TauFluvalinate,44,30,1
TauFluvalinate,44,30,1
TauFluvalinate,45,30,1
TauFluvalinate,45,30,1
TauFluvalinate,47,30,1
TauFluvalinate,47,30,1
TauFluvalinate,49,30,1
TauFluvalinate,51,30,1
TauFluvalinate,51,30,1
TauFluvalinate,51,30,1
TauFluvalinate,51,30,1
TauFluvalinate,54,30,1
TauFluvalinate,55,30,1
TauFluvalinate,56,30,1
TauFluvalinate,56,30,1
TauFluvalinate,56,30,1
TauFluvalinate,57,30,1
TauFluvalinate,59,30,1
TauFluvalinate,59,30,1
TauFluvalinate,59,30,1
Amitraz,84,2,0
Amitraz,85,3,0
Amitraz,88,3,0
Amitraz,88,3,0
Amitraz,65,4,0
Amitraz,73,4,0
Amitraz,75,4,0
Amitraz,75,4,0
Amitraz,75,4,0
Amitraz,75,4,0
Amitraz,75,4,0
Amitraz,75,4,0
Amitraz,75,4,0
Amitraz,75,4,0
Amitraz,75,4,0
Amitraz,75,4,0
Amitraz,78,4,0
Amitraz,89,4,0
Amitraz,63,5,0
Amitraz,66,5,0
Amitraz,68,5,0
Amitraz,69,5,0
Amitraz,77,5,0
Amitraz,78,5,0
Amitraz,78,5,0
Amitraz,80,5,0
Amitraz,80,5,0
Amitraz,80,5,0
Amitraz,80,5,0
Amitraz,80,5,0
Amitraz,80,5,0
Amitraz,82,5,0
Amitraz,86,5,0
Amitraz,86,5,0
Amitraz,87,5,0
Amitraz,79,6,0
Amitraz,86,6,0
Amitraz,86,6,0
Amitraz,86,6,0
Amitraz,79,9,0
Amitraz,80,9,0
Amitraz,67,10,0
Amitraz,67,11,0
Amitraz,63,12,0
Amitraz,77,12,0
Amitraz,73,13,0
Amitraz,63,15,0
Amitraz,73,15,0
Amitraz,73,15,0
Amitraz,77,15,0
Amitraz,90,15,0
Amitraz,64,16,0
Amitraz,64,16,0
Amitraz,77,16,0
Amitraz,81,16,0
Amitraz,84,16,0
Amitraz,61,17,0
Amitraz,61,17,0
Amitraz,62,17,0
Amitraz,64,17,0
Amitraz,68,17,0
Amitraz,69,17,0
Amitraz,72,17,0
Amitraz,76,17,0
Amitraz,83,17,0
Amitraz,84,17,0
Amitraz,66,18,0
Amitraz,62,19,0
Amitraz,63,19,0
Amitraz,66,19,0
Amitraz,69,19,0
Amitraz,70,19,0
Amitraz,71,19,0
Amitraz,78,19,0
Amitraz,82,19,0
Amitraz,83,19,0
Amitraz,84,19,0
Amitraz,88,19,0
Amitraz,88,19,0
Amitraz,88,19,0
Amitraz,88,19,0
Amitraz,88,19,0
Amitraz,88,19,0
Amitraz,88,19,0
Amitraz,88,19,0
Amitraz,89,19,0
Amitraz,61,20,0
Amitraz,63,20,0
Amitraz,63,20,0
Amitraz,67,20,0
Amitraz,67,20,0
Amitraz,68,20,0
Amitraz,70,20,0
Amitraz,70,20,0
Amitraz,70,20,0
Amitraz,71,20,0
Amitraz,72,20,0
Amitraz,72,20,0
Amitraz,76,20,0
Amitraz,76,20,0
Amitraz,76,20,0
Amitraz,77,20,0
Amitraz,80,20,0
Amitraz,61,21,0
Amitraz,63,21,0
Amitraz,67,21,0
Amitraz,68,21,0
Amitraz,79,21,0
Amitraz,81,21,0
Amitraz,81,21,0
Amitraz,83,21,0
Amitraz,62,22,0
Amitraz,62,22,0
Amitraz,65,22,0
Amitraz,65,22,0
Amitraz,65,22,0
Amitraz,65,22,0
Amitraz,66,22,0
Amitraz,66,22,0
Amitraz,66,22,0
Amitraz,66,22,0
Amitraz,66,22,0
Amitraz,68,22,0
Amitraz,70,22,0
Amitraz,70,22,0
Amitraz,71,22,0
Amitraz,72,22,0
Amitraz,74,22,0
Amitraz,74,22,0
Amitraz,74,22,0
Amitraz,74,22,0
Amitraz,76,22,0
Amitraz,77,22,0
Amitraz,77,22,0
Amitraz,77,22,0
Amitraz,79,22,0
Amitraz,79,22,0
Amitraz,80,22,0
Amitraz,80,22,0
Amitraz,83,22,0
Amitraz,84,22,0
Amitraz,84,22,0
Amitraz,86,22,0
Amitraz,86,22,0
Amitraz,89,22,0
Amitraz,89,22,0
Amitraz,89,22,0
Amitraz,64,23,0
Amitraz,70,23,0
Amitraz,70,23,0
Amitraz,71,23,0
Amitraz,72,23,0
Amitraz,72,23,0
Amitraz,76,23,0
Amitraz,77,23,0
Amitraz,78,23,0
Amitraz,79,23,0
Amitraz,81,23,0
Amitraz,82,23,0
Amitraz,61,24,0
Amitraz,64,24,0
Amitraz,66,24,0
Amitraz,67,24,0
Amitraz,69,24,0
Amitraz,69,24,0
Amitraz,73,24,0
Amitraz,78,24,0
Amitraz,78,24,0
Amitraz,78,24,0
Amitraz,79,24,0
Amitraz,82,24,0
Amitraz,86,24,0
Amitraz,89,24,0
Amitraz,89,24,0
Amitraz,61,25,0
Amitraz,62,25,0
Amitraz,62,25,0
Amitraz,62,25,0
Amitraz,63,25,0
Amitraz,68,25,0
Amitraz,78,25,0
Amitraz,81,25,0
Amitraz,82,25,0
Amitraz,84,25,0
Amitraz,84,25,0
Amitraz,87,25,0
Amitraz,62,26,0
Amitraz,64,26,0
Amitraz,64,26,0
Amitraz,64,26,0
Amitraz,67,26,0
Amitraz,67,26,0
Amitraz,70,26,0
Amitraz,71,26,0
Amitraz,78,26,0
Amitraz,79,26,0
Amitraz,89,26,0
Amitraz,62,27,0
Amitraz,66,27,0
Amitraz,68,27,0
Amitraz,72,27,0
Amitraz,73,27,0
Amitraz,74,27,0
Amitraz,76,27,0
Amitraz,85,27,0
Amitraz,86,27,0
Amitraz,87,27,0
Amitraz,87,27,0
Amitraz,90,27,0
Amitraz,90,27,0
Amitraz,68,28,0
Amitraz,68,28,0
Amitraz,69,28,0
Amitraz,69,28,0
Amitraz,70,28,0
Amitraz,73,28,0
Amitraz,73,28,0
Amitraz,73,28,0
Amitraz,73,28,0
Amitraz,79,28,0
Amitraz,82,28,0
Amitraz,82,28,0
Amitraz,82,28,0
Amitraz,83,28,0
Amitraz,87,28,0
Amitraz,87,28,0
Amitraz,87,28,0
Amitraz,62,29,0
Amitraz,62,29,0
Amitraz,64,29,0
Amitraz,65,29,0
Amitraz,67,29,0
Amitraz,68,29,0
Amitraz,71,29,0
Amitraz,71,29,0
Amitraz,72,29,0
Amitraz,74,29,0
Amitraz,76,29,0
Amitraz,81,29,0
Amitraz,82,29,0
Amitraz,83,29,0
Amitraz,83,29,0
Amitraz,85,29,0
Amitraz,85,29,0
Amitraz,87,29,0
Amitraz,89,29,0
Amitraz,65,30,0
Amitraz,69,30,0
Amitraz,71,30,0
Amitraz,71,30,0
Amitraz,81,30,0
Amitraz,82,30,0
Amitraz,84,30,0
Amitraz,85,30,0
Amitraz,85,30,0
Amitraz,89,30,0
Amitraz,90,30,0
Amitraz,90,30,0
Amitraz,90,30,0
Amitraz,61,30,1
Amitraz,61,30,1
Amitraz,61,30,1
Amitraz,61,30,1
Amitraz,63,30,1
Amitraz,63,30,1
Amitraz,64,30,1
Amitraz,65,30,1
Amitraz,65,30,1
Amitraz,65,30,1
Amitraz,67,30,1
Amitraz,69,30,1
Amitraz,69,30,1
Amitraz,71,30,1
Amitraz,72,30,1
Amitraz,72,30,1
Amitraz,74,30,1
Amitraz,74,30,1
Amitraz,74,30,1
Amitraz,74,30,1
Amitraz,76,30,1
Amitraz,76,30,1
Amitraz,77,30,1
Amitraz,79,30,1
Amitraz,81,30,1
Amitraz,81,30,1
Amitraz,81,30,1
Amitraz,83,30,1
Amitraz,83,30,1
Amitraz,83,30,1
Amitraz,84,30,1
Amitraz,85,30,1
Amitraz,85,30,1
Amitraz,85,30,1
Amitraz,85,30,1
Amitraz,86,30,1
Amitraz,87,30,1
Amitraz,87,30,1
Amitraz,90,30,1
Amitraz,90,30,1
Amitraz,90,30,1
Amitraz,90,30,1
Acetone,102,3,0
Acetone,103,3,0
Acetone,110,3,0
Acetone,114,3,0
Acetone,114,3,0
Acetone,106,4,0
Acetone,91,5,0
Acetone,103,5,0
Acetone,103,5,0
Acetone,103,5,0
Acetone,110,5,0
Acetone,112,6,0
Acetone,107,7,0
Acetone,92,11,0
Acetone,104,11,0
Acetone,108,11,0
Acetone,108,12,0
Acetone,112,12,0
Acetone,114,12,0
Acetone,116,12,0
Acetone,117,12,0
Acetone,117,12,0
Acetone,109,13,0
Acetone,111,13,0
Acetone,113,13,0
Acetone,112,14,0
Acetone,114,14,0
Acetone,119,14,0
Acetone,107,15,0
Acetone,109,15,0
Acetone,109,15,0
Acetone,113,15,0
Acetone,120,15,0
Acetone,91,16,0
Acetone,98,16,0
Acetone,118,16,0
Acetone,91,17,0
Acetone,91,17,0
Acetone,91,17,0
Acetone,93,17,0
Acetone,93,17,0
Acetone,105,17,0
Acetone,105,17,0
Acetone,106,17,0
Acetone,106,17,0
Acetone,106,17,0
Acetone,113,17,0
Acetone,114,17,0
Acetone,118,17,0
Acetone,118,17,0
Acetone,93,18,0
Acetone,94,18,0
Acetone,100,18,0
Acetone,100,18,0
Acetone,103,18,0
Acetone,104,18,0
Acetone,105,18,0
Acetone,108,18,0
Acetone,111,18,0
Acetone,111,18,0
Acetone,114,18,0
Acetone,114,18,0
Acetone,115,18,0
Acetone,115,18,0
Acetone,115,18,0
Acetone,117,18,0
Acetone,118,18,0
Acetone,118,18,0
Acetone,92,19,0
Acetone,92,19,0
Acetone,92,19,0
Acetone,93,19,0
Acetone,93,19,0
Acetone,94,19,0
Acetone,96,19,0
Acetone,98,19,0
Acetone,100,19,0
Acetone,104,19,0
Acetone,106,19,0
Acetone,107,19,0
Acetone,107,19,0
Acetone,109,19,0
Acetone,112,19,0
Acetone,115,19,0
Acetone,115,19,0
Acetone,117,19,0
Acetone,117,19,0
Acetone,91,20,0
Acetone,94,20,0
Acetone,97,20,0
Acetone,117,20,0
Acetone,120,20,0
Acetone,120,20,0
Acetone,120,20,0
Acetone,91,21,0
Acetone,91,21,0
Acetone,92,21,0
Acetone,94,21,0
Acetone,96,21,0
Acetone,97,21,0
Acetone,102,21,0
Acetone,114,21,0
Acetone,116,21,0
Acetone,117,21,0
Acetone,120,21,0
Acetone,120,21,0
Acetone,92,22,0
Acetone,94,22,0
Acetone,95,22,0
Acetone,98,22,0
Acetone,99,22,0
Acetone,99,22,0
Acetone,110,22,0
Acetone,110,22,0
Acetone,112,22,0
Acetone,113,22,0
Acetone,113,22,0
Acetone,113,22,0
Acetone,113,22,0
Acetone,115,22,0
Acetone,115,22,0
Acetone,117,22,0
Acetone,117,22,0
Acetone,119,22,0
Acetone,119,22,0
Acetone,91,23,0
Acetone,92,23,0
Acetone,92,23,0
Acetone,94,23,0
Acetone,96,23,0
Acetone,97,23,0
Acetone,98,23,0
Acetone,98,23,0
Acetone,98,23,0
Acetone,99,23,0
Acetone,99,23,0
Acetone,99,23,0
Acetone,99,23,0
Acetone,100,23,0
Acetone,102,23,0
Acetone,103,23,0
Acetone,103,23,0
Acetone,103,23,0
Acetone,105,23,0
Acetone,107,23,0
Acetone,109,23,0
Acetone,111,23,0
Acetone,111,23,0
Acetone,119,23,0
Acetone,119,23,0
Acetone,119,23,0
Acetone,119,23,0
Acetone,93,24,0
Acetone,94,24,0
Acetone,96,24,0
Acetone,96,24,0
Acetone,101,24,0
Acetone,104,24,0
Acetone,106,24,0
Acetone,106,24,0
Acetone,106,24,0
Acetone,110,24,0
Acetone,114,24,0
Acetone,94,25,0
Acetone,94,25,0
Acetone,94,25,0
Acetone,97,25,0
Acetone,97,25,0
Acetone,105,25,0
Acetone,106,25,0
Acetone,111,25,0
Acetone,111,25,0
Acetone,111,25,0
Acetone,115,25,0
Acetone,117,25,0
Acetone,120,25,0
Acetone,95,26,0
Acetone,95,26,0
Acetone,95,26,0
Acetone,97,26,0
Acetone,100,26,0
Acetone,102,26,0
Acetone,102,26,0
Acetone,103,26,0
Acetone,104,26,0
Acetone,105,26,0
Acetone,110,26,0
Acetone,111,26,0
Acetone,111,26,0
Acetone,112,26,0
Acetone,115,26,0
Acetone,115,26,0
Acetone,116,26,0
Acetone,118,26,0
Acetone,92,27,0
Acetone,93,27,0
Acetone,96,27,0
Acetone,101,27,0
Acetone,104,27,0
Acetone,104,27,0
Acetone,112,27,0
Acetone,118,27,0
Acetone,92,28,0
Acetone,93,28,0
Acetone,95,28,0
Acetone,96,28,0
Acetone,96,28,0
Acetone,96,28,0
Acetone,96,28,0
Acetone,100,28,0
Acetone,100,28,0
Acetone,101,28,0
Acetone,101,28,0
Acetone,102,28,0
Acetone,108,28,0
Acetone,108,28,0
Acetone,108,28,0
Acetone,108,28,0
Acetone,108,28,0
Acetone,112,28,0
Acetone,116,28,0
Acetone,95,29,0
Acetone,97,29,0
Acetone,98,29,0
Acetone,98,29,0
Acetone,99,29,0
Acetone,103,29,0
Acetone,103,29,0
Acetone,104,29,0
Acetone,106,29,0
Acetone,107,29,0
Acetone,109,29,0
Acetone,109,29,0
Acetone,109,29,0
Acetone,109,29,0
Acetone,110,29,0
Acetone,110,29,0
Acetone,116,29,0
Acetone,116,29,0
Acetone,118,29,0
Acetone,118,29,0
Acetone,118,29,0
Acetone,119,29,0
Acetone,119,29,0
Acetone,93,30,0
Acetone,95,30,0
Acetone,98,30,0
Acetone,107,30,0
Acetone,107,30,0
Acetone,112,30,0
Acetone,91,30,1
Acetone,93,30,1
Acetone,95,30,1
Acetone,95,30,1
Acetone,95,30,1
Acetone,97,30,1
Acetone,97,30,1
Acetone,97,30,1
Acetone,98,30,1
Acetone,99,30,1
Acetone,99,30,1
Acetone,99,30,1
Acetone,100,30,1
Acetone,100,30,1
Acetone,100,30,1
Acetone,101,30,1
Acetone,101,30,1
Acetone,101,30,1
Acetone,101,30,1
Acetone,101,30,1
Acetone,101,30,1
Acetone,102,30,1
Acetone,102,30,1
Acetone,102,30,1
Acetone,102,30,1
Acetone,104,30,1
Acetone,104,30,1
Acetone,105,30,1
Acetone,105,30,1
Acetone,105,30,1
Acetone,105,30,1
Acetone,107,30,1
Acetone,107,30,1
Acetone,108,30,1
Acetone,108,30,1
Acetone,109,30,1
Acetone,110,30,1
Acetone,110,30,1
Acetone,112,30,1
Acetone,113,30,1
Acetone,113,30,1
Acetone,113,30,1
Acetone,114,30,1
Acetone,116,30,1
Acetone,116,30,1
Acetone,116,30,1
Acetone,116,30,1
Acetone,119,30,1
Acetone,120,30,1
Acetone,120,30,1
Acetone,120,30,1
Chlorothalonil,125,2,0
Chlorothalonil,125,2,0
Chlorothalonil,125,2,0
Chlorothalonil,138,2,0
Chlorothalonil,125,3,0
Chlorothalonil,142,3,0
Chlorothalonil,142,3,0
Chlorothalonil,126,4,0
Chlorothalonil,143,4,0
Chlorothalonil,145,4,0
Chlorothalonil,123,5,0
Chlorothalonil,123,5,0
Chlorothalonil,123,5,0
Chlorothalonil,123,5,0
Chlorothalonil,136,5,0
Chlorothalonil,136,5,0
Chlorothalonil,138,5,0
Chlorothalonil,138,5,0
Chlorothalonil,138,5,0
Chlorothalonil,138,5,0
Chlorothalonil,138,5,0
Chlorothalonil,138,5,0
Chlorothalonil,138,5,0
Chlorothalonil,138,5,0
Chlorothalonil,138,5,0
Chlorothalonil,140,5,0
Chlorothalonil,140,5,0
Chlorothalonil,140,5,0
Chlorothalonil,143,5,0
Chlorothalonil,143,5,0
Chlorothalonil,143,5,0
Chlorothalonil,150,5,0
Chlorothalonil,123,6,0
Chlorothalonil,123,6,0
Chlorothalonil,136,6,0
Chlorothalonil,143,6,0
Chlorothalonil,143,6,0
Chlorothalonil,143,6,0
Chlorothalonil,143,6,0
Chlorothalonil,143,6,0
Chlorothalonil,124,10,0
Chlorothalonil,124,10,0
Chlorothalonil,124,11,0
Chlorothalonil,125,12,0
Chlorothalonil,125,12,0
Chlorothalonil,125,12,0
Chlorothalonil,125,12,0
Chlorothalonil,125,12,0
Chlorothalonil,126,12,0
Chlorothalonil,135,12,0
Chlorothalonil,140,12,0
Chlorothalonil,141,12,0
Chlorothalonil,141,12,0
Chlorothalonil,149,12,0
Chlorothalonil,149,12,0
Chlorothalonil,149,12,0
Chlorothalonil,149,12,0
Chlorothalonil,149,12,0
Chlorothalonil,149,12,0
Chlorothalonil,127,13,0
Chlorothalonil,136,13,0
Chlorothalonil,136,13,0
Chlorothalonil,149,13,0
Chlorothalonil,125,14,0
Chlorothalonil,132,14,0
Chlorothalonil,140,14,0
Chlorothalonil,147,14,0
Chlorothalonil,148,14,0
Chlorothalonil,132,15,0
Chlorothalonil,136,15,0
Chlorothalonil,140,15,0
Chlorothalonil,140,15,0
Chlorothalonil,145,15,0
Chlorothalonil,128,16,0
Chlorothalonil,142,16,0
Chlorothalonil,121,17,0
Chlorothalonil,122,17,0
Chlorothalonil,122,17,0
Chlorothalonil,122,17,0
Chlorothalonil,128,17,0
Chlorothalonil,128,17,0
Chlorothalonil,132,17,0
Chlorothalonil,132,17,0
Chlorothalonil,134,17,0
Chlorothalonil,135,17,0
Chlorothalonil,137,17,0
Chlorothalonil,137,17,0
Chlorothalonil,140,17,0
Chlorothalonil,141,17,0
Chlorothalonil,141,17,0
Chlorothalonil,141,17,0
Chlorothalonil,144,17,0
Chlorothalonil,144,17,0
Chlorothalonil,148,17,0
Chlorothalonil,148,17,0
Chlorothalonil,148,17,0
Chlorothalonil,122,18,0
Chlorothalonil,123,18,0
Chlorothalonil,124,18,0
Chlorothalonil,124,18,0
Chlorothalonil,130,18,0
Chlorothalonil,133,18,0
Chlorothalonil,133,18,0
Chlorothalonil,134,18,0
Chlorothalonil,137,18,0
Chlorothalonil,139,18,0
Chlorothalonil,141,18,0
Chlorothalonil,141,18,0
Chlorothalonil,145,18,0
Chlorothalonil,145,18,0
Chlorothalonil,146,18,0
Chlorothalonil,146,18,0
Chlorothalonil,147,18,0
Chlorothalonil,148,18,0
Chlorothalonil,148,18,0
Chlorothalonil,150,18,0
Chlorothalonil,121,19,0
Chlorothalonil,122,19,0
Chlorothalonil,129,19,0
Chlorothalonil,133,19,0
Chlorothalonil,133,19,0
Chlorothalonil,144,19,0
Chlorothalonil,145,19,0
Chlorothalonil,145,19,0
Chlorothalonil,145,19,0
Chlorothalonil,150,19,0
Chlorothalonil,129,20,0
Chlorothalonil,129,20,0
Chlorothalonil,132,20,0
Chlorothalonil,136,20,0
Chlorothalonil,146,20,0
Chlorothalonil,146,20,0
Chlorothalonil,147,20,0
Chlorothalonil,147,20,0
Chlorothalonil,148,20,0
Chlorothalonil,122,21,0
Chlorothalonil,122,21,0
Chlorothalonil,131,21,0
Chlorothalonil,131,21,0
Chlorothalonil,131,21,0
Chlorothalonil,132,21,0
Chlorothalonil,134,21,0
Chlorothalonil,134,21,0
Chlorothalonil,134,21,0
Chlorothalonil,140,21,0
Chlorothalonil,142,21,0
Chlorothalonil,144,21,0
Chlorothalonil,147,21,0
Chlorothalonil,121,22,0
Chlorothalonil,122,22,0
Chlorothalonil,126,22,0
Chlorothalonil,128,22,0
Chlorothalonil,128,22,0
Chlorothalonil,130,22,0
Chlorothalonil,132,22,0
Chlorothalonil,133,22,0
Chlorothalonil,133,22,0
Chlorothalonil,134,22,0
Chlorothalonil,135,22,0
Chlorothalonil,137,22,0
Chlorothalonil,140,22,0
Chlorothalonil,141,22,0
Chlorothalonil,141,22,0
Chlorothalonil,143,22,0
Chlorothalonil,144,22,0
Chlorothalonil,144,22,0
Chlorothalonil,145,22,0
Chlorothalonil,127,23,0
Chlorothalonil,127,23,0
Chlorothalonil,133,23,0
Chlorothalonil,137,23,0
Chlorothalonil,142,23,0
Chlorothalonil,146,23,0
Chlorothalonil,130,24,0
Chlorothalonil,136,24,0
Chlorothalonil,136,24,0
Chlorothalonil,142,24,0
Chlorothalonil,142,24,0
Chlorothalonil,142,24,0
Chlorothalonil,145,24,0
Chlorothalonil,145,24,0
Chlorothalonil,147,24,0
Chlorothalonil,148,24,0
Chlorothalonil,121,25,0
Chlorothalonil,121,25,0
Chlorothalonil,123,25,0
Chlorothalonil,123,25,0
Chlorothalonil,124,25,0
Chlorothalonil,128,25,0
Chlorothalonil,129,25,0
Chlorothalonil,130,25,0
Chlorothalonil,134,25,0
Chlorothalonil,134,25,0
Chlorothalonil,137,25,0
Chlorothalonil,139,25,0
Chlorothalonil,146,25,0
Chlorothalonil,146,25,0
Chlorothalonil,148,25,0
Chlorothalonil,121,26,0
Chlorothalonil,122,26,0
Chlorothalonil,126,26,0
Chlorothalonil,126,26,0
Chlorothalonil,127,26,0
Chlorothalonil,127,26,0
Chlorothalonil,127,26,0
Chlorothalonil,127,26,0
Chlorothalonil,130,26,0
Chlorothalonil,130,26,0
Chlorothalonil,132,26,0
Chlorothalonil,133,26,0
Chlorothalonil,135,26,0
Chlorothalonil,135,26,0
Chlorothalonil,136,26,0
Chlorothalonil,137,26,0
Chlorothalonil,137,26,0
Chlorothalonil,137,26,0
Chlorothalonil,137,26,0
Chlorothalonil,139,26,0
Chlorothalonil,139,26,0
Chlorothalonil,139,26,0
Chlorothalonil,139,26,0
Chlorothalonil,146,26,0
Chlorothalonil,146,26,0
Chlorothalonil,147,26,0
Chlorothalonil,148,26,0
Chlorothalonil,124,27,0
Chlorothalonil,127,27,0
Chlorothalonil,130,27,0
Chlorothalonil,133,27,0
Chlorothalonil,139,27,0
Chlorothalonil,147,27,0
Chlorothalonil,121,28,0
Chlorothalonil,122,28,0
Chlorothalonil,124,28,0
Chlorothalonil,129,28,0
Chlorothalonil,130,28,0
Chlorothalonil,131,28,0
Chlorothalonil,133,28,0
Chlorothalonil,133,28,0
Chlorothalonil,135,28,0
Chlorothalonil,142,28,0
Chlorothalonil,144,28,0
Chlorothalonil,146,28,0
Chlorothalonil,150,28,0
Chlorothalonil,150,28,0
Chlorothalonil,150,28,0
Chlorothalonil,121,29,0
Chlorothalonil,121,29,0
Chlorothalonil,122,29,0
Chlorothalonil,122,29,0
Chlorothalonil,123,29,0
Chlorothalonil,126,29,0
Chlorothalonil,129,29,0
Chlorothalonil,129,29,0
Chlorothalonil,129,29,0
Chlorothalonil,130,29,0
Chlorothalonil,130,29,0
Chlorothalonil,132,29,0
Chlorothalonil,134,29,0
Chlorothalonil,135,29,0
Chlorothalonil,135,29,0
Chlorothalonil,135,29,0
Chlorothalonil,135,29,0
Chlorothalonil,139,29,0
Chlorothalonil,141,29,0
Chlorothalonil,142,29,0
Chlorothalonil,149,29,0
Chlorothalonil,150,29,0
Chlorothalonil,145,30,0
Chlorothalonil,146,30,0
Chlorothalonil,147,30,0
Chlorothalonil,147,30,0
Chlorothalonil,149,30,0
Chlorothalonil,150,30,0
Chlorothalonil,121,30,1
Chlorothalonil,124,30,1
Chlorothalonil,124,30,1
Chlorothalonil,126,30,1
Chlorothalonil,126,30,1
Chlorothalonil,126,30,1
Chlorothalonil,126,30,1
Chlorothalonil,127,30,1
Chlorothalonil,127,30,1
Chlorothalonil,128,30,1
Chlorothalonil,128,30,1
Chlorothalonil,128,30,1
Chlorothalonil,128,30,1
Chlorothalonil,129,30,1
Chlorothalonil,129,30,1
Chlorothalonil,131,30,1
Chlorothalonil,131,30,1
Chlorothalonil,131,30,1
Chlorothalonil,131,30,1
Chlorothalonil,131,30,1
Chlorothalonil,131,30,1
Chlorothalonil,132,30,1
Chlorothalonil,134,30,1
Chlorothalonil,139,30,1
Chlorothalonil,139,30,1
Chlorothalonil,144,30,1
Chlorothalonil,144,30,1
Chlorothalonil,144,30,1
Chlorothalonil,149,30,1
Chlorothalonil,148,30,1
Chlorothalonil,148,30,1
Coumaphos,159,1,0
Coumaphos,163,4,0
Coumaphos,176,4,0
Coumaphos,180,4,0
Coumaphos,180,4,0
Coumaphos,151,5,0
Coumaphos,151,5,0
Coumaphos,151,5,0
Coumaphos,152,5,0
Coumaphos,155,5,0
Coumaphos,157,5,0
Coumaphos,157,5,0
Coumaphos,158,5,0
Coumaphos,159,5,0
Coumaphos,163,5,0
Coumaphos,163,5,0
Coumaphos,163,5,0
Coumaphos,163,5,0
Coumaphos,176,5,0
Coumaphos,176,5,0
Coumaphos,176,5,0
Coumaphos,176,5,0
Coumaphos,179,5,0
Coumaphos,179,5,0
Coumaphos,179,5,0
Coumaphos,179,5,0
Coumaphos,179,5,0
Coumaphos,179,5,0
Coumaphos,179,5,0
Coumaphos,179,5,0
Coumaphos,179,5,0
Coumaphos,179,5,0
Coumaphos,153,6,0
Coumaphos,163,8,0
Coumaphos,158,9,0
Coumaphos,167,9,0
Coumaphos,170,9,0
Coumaphos,158,11,0
Coumaphos,168,11,0
Coumaphos,170,11,0
Coumaphos,151,12,0
Coumaphos,151,12,0
Coumaphos,153,12,0
Coumaphos,169,12,0
Coumaphos,171,12,0
Coumaphos,161,13,0
Coumaphos,170,13,0
Coumaphos,172,13,0
Coumaphos,172,13,0
Coumaphos,173,13,0
Coumaphos,161,14,0
Coumaphos,162,15,0
Coumaphos,173,15,0
Coumaphos,177,15,0
Coumaphos,161,16,0
Coumaphos,161,16,0
Coumaphos,162,16,0
Coumaphos,162,16,0
Coumaphos,162,16,0
Coumaphos,162,16,0
Coumaphos,164,16,0
Coumaphos,168,16,0
Coumaphos,172,16,0
Coumaphos,153,17,0
Coumaphos,154,17,0
Coumaphos,154,17,0
Coumaphos,159,17,0
Coumaphos,161,17,0
Coumaphos,161,17,0
Coumaphos,162,17,0
Coumaphos,162,17,0
Coumaphos,162,17,0
Coumaphos,163,17,0
Coumaphos,164,17,0
Coumaphos,164,17,0
Coumaphos,165,17,0
Coumaphos,166,17,0
Coumaphos,171,17,0
Coumaphos,171,17,0
Coumaphos,172,17,0
Coumaphos,178,17,0
Coumaphos,178,17,0
Coumaphos,153,18,0
Coumaphos,161,18,0
Coumaphos,163,18,0
Coumaphos,167,18,0
Coumaphos,175,18,0
Coumaphos,152,19,0
Coumaphos,154,19,0
Coumaphos,160,19,0
Coumaphos,161,19,0
Coumaphos,161,19,0
Coumaphos,162,19,0
Coumaphos,163,19,0
Coumaphos,165,19,0
Coumaphos,167,19,0
Coumaphos,167,19,0
Coumaphos,171,19,0
Coumaphos,172,19,0
Coumaphos,173,19,0
Coumaphos,174,19,0
Coumaphos,176,19,0
Coumaphos,176,19,0
Coumaphos,176,19,0
Coumaphos,151,20,0
Coumaphos,153,20,0
Coumaphos,156,20,0
Coumaphos,141,20,0
Coumaphos,142,20,0
Coumaphos,143,20,0
Coumaphos,144,20,0
Coumaphos,147,20,0
Coumaphos,151,20,0
Coumaphos,152,20,0
Coumaphos,152,20,0
Coumaphos,153,20,0
Coumaphos,158,20,0
Coumaphos,158,20,0
Coumaphos,151,21,0
Coumaphos,152,21,0
Coumaphos,158,21,0
Coumaphos,158,21,0
Coumaphos,164,21,0
Coumaphos,165,21,0
Coumaphos,168,21,0
Coumaphos,168,21,0
Coumaphos,169,21,0
Coumaphos,175,21,0
Coumaphos,178,21,0
Coumaphos,178,21,0
Coumaphos,178,21,0
Coumaphos,178,21,0
Coumaphos,151,22,0
Coumaphos,152,22,0
Coumaphos,152,22,0
Coumaphos,152,22,0
Coumaphos,157,22,0
Coumaphos,157,22,0
Coumaphos,159,22,0
Coumaphos,165,22,0
Coumaphos,166,22,0
Coumaphos,166,22,0
Coumaphos,169,22,0
Coumaphos,171,22,0
Coumaphos,172,22,0
Coumaphos,173,22,0
Coumaphos,173,22,0
Coumaphos,175,22,0
Coumaphos,178,22,0
Coumaphos,180,22,0
Coumaphos,152,23,0
Coumaphos,156,23,0
Coumaphos,165,23,0
Coumaphos,166,23,0
Coumaphos,166,23,0
Coumaphos,168,23,0
Coumaphos,172,23,0
Coumaphos,151,24,0
Coumaphos,156,24,0
Coumaphos,156,24,0
Coumaphos,158,24,0
Coumaphos,165,24,0
Coumaphos,166,24,0
Coumaphos,166,24,0
Coumaphos,170,24,0
Coumaphos,177,24,0
Coumaphos,180,24,0
Coumaphos,154,25,0
Coumaphos,154,25,0
Coumaphos,155,25,0
Coumaphos,168,25,0
Coumaphos,170,25,0
Coumaphos,170,25,0
Coumaphos,175,25,0
Coumaphos,175,25,0
Coumaphos,180,25,0
Coumaphos,180,25,0
Coumaphos,180,25,0
Coumaphos,180,25,0
Coumaphos,180,25,0
Coumaphos,151,26,0
Coumaphos,153,26,0
Coumaphos,153,26,0
Coumaphos,155,26,0
Coumaphos,156,26,0
Coumaphos,156,26,0
Coumaphos,158,26,0
Coumaphos,160,26,0
Coumaphos,166,26,0
Coumaphos,166,26,0
Coumaphos,167,26,0
Coumaphos,167,26,0
Coumaphos,169,26,0
Coumaphos,171,26,0
Coumaphos,174,26,0
Coumaphos,174,26,0
Coumaphos,180,26,0
Coumaphos,180,26,0
Coumaphos,155,27,0
Coumaphos,168,27,0
Coumaphos,169,27,0
Coumaphos,170,27,0
Coumaphos,174,27,0
Coumaphos,151,28,0
Coumaphos,155,28,0
Coumaphos,155,28,0
Coumaphos,156,28,0
Coumaphos,165,28,0
Coumaphos,169,28,0
Coumaphos,171,28,0
Coumaphos,171,28,0
Coumaphos,171,28,0
Coumaphos,173,28,0
Coumaphos,174,28,0
Coumaphos,177,28,0
Coumaphos,152,29,0
Coumaphos,152,29,0
Coumaphos,152,29,0
Coumaphos,155,29,0
Coumaphos,155,29,0
Coumaphos,155,29,0
Coumaphos,156,29,0
Coumaphos,159,29,0
Coumaphos,164,29,0
Coumaphos,164,29,0
Coumaphos,167,29,0
Coumaphos,168,29,0
Coumaphos,169,29,0
Coumaphos,169,29,0
Coumaphos,170,29,0
Coumaphos,172,29,0
Coumaphos,177,29,0
Coumaphos,177,29,0
Coumaphos,178,29,0
Coumaphos,153,30,0
Coumaphos,153,30,0
Coumaphos,155,30,0
Coumaphos,156,30,0
Coumaphos,157,30,0
Coumaphos,157,30,0
Coumaphos,157,30,0
Coumaphos,160,30,0
Coumaphos,167,30,0
Coumaphos,167,30,0
Coumaphos,167,30,0
Coumaphos,168,30,0
Coumaphos,170,30,0
Coumaphos,173,30,0
Coumaphos,175,30,0
Coumaphos,176,30,0
Coumaphos,177,30,0
Coumaphos,153,30,1
Coumaphos,154,30,1
Coumaphos,154,30,1
Coumaphos,154,30,1
Coumaphos,154,30,1
Coumaphos,154,30,1
Coumaphos,156,30,1
Coumaphos,157,30,1
Coumaphos,157,30,1
Coumaphos,157,30,1
Coumaphos,158,30,1
Coumaphos,158,30,1
Coumaphos,158,30,1
Coumaphos,159,30,1
Coumaphos,159,30,1
Coumaphos,159,30,1
Coumaphos,159,30,1
Coumaphos,159,30,1
Coumaphos,160,30,1
Coumaphos,160,30,1
Coumaphos,160,30,1
Coumaphos,160,30,1
Coumaphos,160,30,1
Coumaphos,160,30,1
Coumaphos,160,30,1
Coumaphos,164,30,1
Coumaphos,164,30,1
Coumaphos,164,30,1
Coumaphos,165,30,1
Coumaphos,165,30,1
Coumaphos,165,30,1
Coumaphos,166,30,1
Coumaphos,169,30,1
Coumaphos,169,30,1
Coumaphos,169,30,1
Coumaphos,170,30,1
Coumaphos,173,30,1
Coumaphos,173,30,1
Coumaphos,174,30,1
Coumaphos,174,30,1
Coumaphos,174,30,1
Coumaphos,174,30,1
Coumaphos,174,30,1
Coumaphos,175,30,1
Coumaphos,175,30,1
Coumaphos,175,30,1
Coumaphos,175,30,1
Coumaphos,176,30,1
Coumaphos,177,30,1
Coumaphos,177,30,1
Coumaphos,177,30,1
Coumaphos,177,30,1
1NegControl,183,3,0
1NegControl,194,3,0
1NegControl,181,4,0
1NegControl,192,4,0
1NegControl,198,4,0
1NegControl,199,4,0
1NegControl,203,4,0
1NegControl,203,4,0
1NegControl,188,5,0
1NegControl,188,5,0
1NegControl,194,5,0
1NegControl,194,5,0
1NegControl,195,5,0
1NegControl,198,5,0
1NegControl,198,5,0
1NegControl,199,5,0
1NegControl,199,5,0
1NegControl,200,5,0
1NegControl,203,5,0
1NegControl,205,5,0
1NegControl,205,5,0
1NegControl,199,6,0
1NegControl,195,9,0
1NegControl,190,11,0
1NegControl,193,11,0
1NegControl,209,11,0
1NegControl,196,12,0
1NegControl,202,12,0
1NegControl,204,12,0
1NegControl,205,12,0
1NegControl,190,13,0
1NegControl,190,13,0
1NegControl,191,13,0
1NegControl,198,13,0
1NegControl,201,13,0
1NegControl,196,14,0
1NegControl,198,14,0
1NegControl,198,14,0
1NegControl,198,14,0
1NegControl,201,14,0
1NegControl,205,14,0
1NegControl,181,15,0
1NegControl,183,15,0
1NegControl,183,15,0
1NegControl,197,15,0
1NegControl,201,15,0
1NegControl,201,15,0
1NegControl,203,15,0
1NegControl,203,15,0
1NegControl,207,15,0
1NegControl,207,15,0
1NegControl,207,15,0
1NegControl,197,16,0
1NegControl,197,16,0
1NegControl,199,16,0
1NegControl,200,16,0
1NegControl,200,16,0
1NegControl,183,17,0
1NegControl,183,17,0
1NegControl,187,17,0
1NegControl,194,17,0
1NegControl,199,17,0
1NegControl,199,17,0
1NegControl,199,17,0
1NegControl,201,17,0
1NegControl,201,17,0
1NegControl,201,17,0
1NegControl,202,17,0
1NegControl,202,17,0
1NegControl,202,17,0
1NegControl,203,17,0
1NegControl,203,17,0
1NegControl,203,17,0
1NegControl,203,17,0
1NegControl,206,17,0
1NegControl,206,17,0
1NegControl,208,17,0
1NegControl,183,18,0
1NegControl,183,18,0
1NegControl,184,18,0
1NegControl,184,18,0
1NegControl,186,18,0
1NegControl,186,18,0
1NegControl,186,18,0
1NegControl,187,18,0
1NegControl,187,18,0
1NegControl,191,18,0
1NegControl,191,18,0
1NegControl,194,18,0
1NegControl,194,18,0
1NegControl,194,18,0
1NegControl,194,18,0
1NegControl,197,18,0
1NegControl,197,18,0
1NegControl,201,18,0
1NegControl,201,18,0
1NegControl,202,18,0
1NegControl,202,18,0
1NegControl,203,18,0
1NegControl,208,18,0
1NegControl,208,18,0
1NegControl,181,19,0
1NegControl,181,19,0
1NegControl,187,19,0
1NegControl,191,19,0
1NegControl,191,19,0
1NegControl,202,19,0
1NegControl,202,19,0
1NegControl,202,19,0
1NegControl,207,19,0
1NegControl,210,19,0
1NegControl,183,20,0
1NegControl,184,20,0
1NegControl,188,20,0
1NegControl,195,20,0
1NegControl,196,20,0
1NegControl,199,20,0
1NegControl,204,20,0
1NegControl,189,21,0
1NegControl,200,21,0
1NegControl,207,21,0
1NegControl,208,21,0
1NegControl,209,21,0
1NegControl,181,22,0
1NegControl,183,22,0
1NegControl,185,22,0
1NegControl,187,22,0
1NegControl,190,22,0
1NegControl,191,22,0
1NegControl,193,22,0
1NegControl,193,22,0
1NegControl,195,22,0
1NegControl,195,22,0
1NegControl,196,22,0
1NegControl,205,22,0
1NegControl,206,22,0
1NegControl,207,22,0
1NegControl,207,22,0
1NegControl,207,22,0
1NegControl,181,23,0
1NegControl,186,23,0
1NegControl,186,23,0
1NegControl,187,23,0
1NegControl,188,23,0
1NegControl,189,23,0
1NegControl,195,23,0
1NegControl,197,23,0
1NegControl,206,23,0
1NegControl,209,23,0
1NegControl,189,24,0
1NegControl,189,24,0
1NegControl,189,24,0
1NegControl,189,24,0
1NegControl,190,24,0
1NegControl,192,24,0
1NegControl,192,24,0
1NegControl,193,24,0
1NegControl,197,24,0
1NegControl,205,24,0
1NegControl,205,24,0
1NegControl,206,24,0
1NegControl,206,24,0
1NegControl,195,25,0
1NegControl,195,25,0
1NegControl,197,25,0
1NegControl,199,25,0
1NegControl,200,25,0
1NegControl,200,25,0
1NegControl,202,25,0
1NegControl,209,25,0
1NegControl,210,25,0
1NegControl,184,26,0
1NegControl,186,26,0
1NegControl,204,26,0
1NegControl,208,26,0
1NegControl,208,26,0
1NegControl,209,26,0
1NegControl,210,26,0
1NegControl,181,27,0
1NegControl,184,27,0
1NegControl,185,27,0
1NegControl,187,27,0
1NegControl,187,27,0
1NegControl,189,27,0
1NegControl,195,27,0
1NegControl,200,27,0
1NegControl,200,27,0
1NegControl,203,27,0
1NegControl,208,27,0
1NegControl,209,27,0
1NegControl,184,28,0
1NegControl,188,28,0
1NegControl,189,28,0
1NegControl,204,28,0
1NegControl,182,29,0
1NegControl,185,29,0
1NegControl,186,29,0
1NegControl,188,29,0
1NegControl,188,29,0
1NegControl,188,29,0
1NegControl,188,29,0
1NegControl,190,29,0
1NegControl,191,29,0
1NegControl,192,29,0
1NegControl,193,29,0
1NegControl,196,29,0
1NegControl,204,29,0
1NegControl,204,29,0
1NegControl,206,29,0
1NegControl,206,29,0
1NegControl,206,29,0
1NegControl,208,29,0
1NegControl,210,29,0
1NegControl,182,30,0
1NegControl,182,30,0
1NegControl,182,30,0
1NegControl,185,30,0
1NegControl,185,30,0
1NegControl,185,30,0
1NegControl,186,30,0
1NegControl,190,30,0
1NegControl,190,30,0
1NegControl,190,30,0
1NegControl,191,30,0
1NegControl,192,30,0
1NegControl,193,30,0
1NegControl,196,30,0
1NegControl,196,30,0
1NegControl,204,30,0
1NegControl,205,30,0
1NegControl,205,30,0
1NegControl,181,30,1
1NegControl,181,30,1
1NegControl,181,30,1
1NegControl,182,30,1
1NegControl,182,30,1
1NegControl,182,30,1
1NegControl,182,30,1
1NegControl,182,30,1
1NegControl,182,30,1
1NegControl,183,30,1
1NegControl,184,30,1
1NegControl,184,30,1
1NegControl,184,30,1
1NegControl,184,30,1
1NegControl,185,30,1
1NegControl,185,30,1
1NegControl,185,30,1
1NegControl,185,30,1
1NegControl,186,30,1
1NegControl,186,30,1
1NegControl,187,30,1
1NegControl,187,30,1
1NegControl,188,30,1
1NegControl,189,30,1
1NegControl,189,30,1
1NegControl,190,30,1
1NegControl,191,30,1
1NegControl,191,30,1
1NegControl,192,30,1
1NegControl,192,30,1
1NegControl,192,30,1
1NegControl,192,30,1
1NegControl,192,30,1
1NegControl,193,30,1
1NegControl,193,30,1
1NegControl,193,30,1
1NegControl,193,30,1
1NegControl,194,30,1
1NegControl,194,30,1
1NegControl,195,30,1
1NegControl,196,30,1
1NegControl,196,30,1
1NegControl,196,30,1
1NegControl,197,30,1
1NegControl,197,30,1
1NegControl,198,30,1
1NegControl,198,30,1
1NegControl,198,30,1
1NegControl,200,30,1
1NegControl,200,30,1
1NegControl,201,30,1
1NegControl,204,30,1
1NegControl,204,30,1
1NegControl,204,30,1
1NegControl,205,30,1
1NegControl,206,30,1
1NegControl,207,30,1
1NegControl,207,30,1
1NegControl,208,30,1
1NegControl,208,30,1
1NegControl,209,30,1
1NegControl,209,30,1
1NegControl,209,30,1
1NegControl,209,30,1
1NegControl,210,30,1
1NegControl,210,30,1
1NegControl,210,30,1
1NegControl,210,30,1
1NegControl,210,30,1
1NegControl,210,30,1
Clothianidin,213,1,0
Clothianidin,240,2,0
Clothianidin,215,3,0
Clothianidin,217,3,0
Clothianidin,240,3,0
Clothianidin,220,4,0
Clothianidin,230,4,0
Clothianidin,230,4,0
Clothianidin,234,4,0
Clothianidin,238,4,0
Clothianidin,239,4,0
Clothianidin,211,5,0
Clothianidin,212,5,0
Clothianidin,212,5,0
Clothianidin,212,5,0
Clothianidin,212,5,0
Clothianidin,212,5,0
Clothianidin,212,5,0
Clothianidin,212,5,0
Clothianidin,212,5,0
Clothianidin,212,5,0
Clothianidin,212,5,0
Clothianidin,215,5,0
Clothianidin,215,5,0
Clothianidin,215,5,0
Clothianidin,216,5,0
Clothianidin,217,5,0
Clothianidin,220,5,0
Clothianidin,220,5,0
Clothianidin,221,5,0
Clothianidin,221,5,0
Clothianidin,227,5,0
Clothianidin,228,5,0
Clothianidin,233,5,0
Clothianidin,233,5,0
Clothianidin,233,5,0
Clothianidin,234,5,0
Clothianidin,237,5,0
Clothianidin,237,5,0
Clothianidin,237,5,0
Clothianidin,237,5,0
Clothianidin,237,5,0
Clothianidin,237,5,0
Clothianidin,237,5,0
Clothianidin,213,6,0
Clothianidin,224,6,0
Clothianidin,224,6,0
Clothianidin,235,6,0
Clothianidin,219,8,0
Clothianidin,220,8,0
Clothianidin,224,8,0
Clothianidin,224,8,0
Clothianidin,234,8,0
Clothianidin,234,8,0
Clothianidin,223,9,0
Clothianidin,223,10,0
Clothianidin,238,10,0
Clothianidin,238,10,0
Clothianidin,230,11,0
Clothianidin,213,12,0
Clothianidin,229,12,0
Clothianidin,234,12,0
Clothianidin,219,13,0
Clothianidin,221,13,0
Clothianidin,219,14,0
Clothianidin,221,14,0
Clothianidin,228,14,0
Clothianidin,235,14,0
Clothianidin,238,14,0
Clothianidin,240,14,0
Clothianidin,226,16,0
Clothianidin,235,16,0
Clothianidin,213,17,0
Clothianidin,215,17,0
Clothianidin,216,17,0
Clothianidin,226,17,0
Clothianidin,228,17,0
Clothianidin,235,17,0
Clothianidin,235,17,0
Clothianidin,235,17,0
Clothianidin,235,17,0
Clothianidin,238,17,0
Clothianidin,239,17,0
Clothianidin,239,17,0
Clothianidin,211,18,0
Clothianidin,211,18,0
Clothianidin,214,18,0
Clothianidin,214,18,0
Clothianidin,216,18,0
Clothianidin,217,18,0
Clothianidin,222,18,0
Clothianidin,225,18,0
Clothianidin,227,18,0
Clothianidin,229,18,0
Clothianidin,229,18,0
Clothianidin,230,18,0
Clothianidin,232,18,0
Clothianidin,233,18,0
Clothianidin,234,18,0
Clothianidin,235,18,0
Clothianidin,236,18,0
Clothianidin,211,19,0
Clothianidin,211,19,0
Clothianidin,215,19,0
Clothianidin,220,19,0
Clothianidin,220,19,0
Clothianidin,220,19,0
Clothianidin,220,19,0
Clothianidin,221,19,0
Clothianidin,222,19,0
Clothianidin,225,19,0
Clothianidin,232,19,0
Clothianidin,234,19,0
Clothianidin,238,19,0
Clothianidin,239,19,0
Clothianidin,239,19,0
Clothianidin,211,20,0
Clothianidin,211,20,0
Clothianidin,211,20,0
Clothianidin,215,20,0
Clothianidin,228,20,0
Clothianidin,230,20,0
Clothianidin,230,20,0
Clothianidin,233,20,0
Clothianidin,211,21,0
Clothianidin,214,21,0
Clothianidin,214,21,0
Clothianidin,214,21,0
Clothianidin,216,21,0
Clothianidin,227,21,0
Clothianidin,227,21,0
Clothianidin,230,21,0
Clothianidin,234,21,0
Clothianidin,234,21,0
Clothianidin,240,21,0
Clothianidin,217,22,0
Clothianidin,219,22,0
Clothianidin,222,22,0
Clothianidin,223,22,0
Clothianidin,223,22,0
Clothianidin,225,22,0
Clothianidin,227,22,0
Clothianidin,227,22,0
Clothianidin,232,22,0
Clothianidin,239,22,0
Clothianidin,213,23,0
Clothianidin,225,23,0
Clothianidin,226,23,0
Clothianidin,227,23,0
Clothianidin,236,23,0
Clothianidin,239,23,0
Clothianidin,213,24,0
Clothianidin,214,24,0
Clothianidin,214,24,0
Clothianidin,222,24,0
Clothianidin,224,24,0
Clothianidin,226,24,0
Clothianidin,227,24,0
Clothianidin,231,24,0
Clothianidin,236,24,0
Clothianidin,236,24,0
Clothianidin,236,24,0
Clothianidin,237,24,0
Clothianidin,237,24,0
Clothianidin,240,24,0
Clothianidin,216,25,0
Clothianidin,222,25,0
Clothianidin,222,25,0
Clothianidin,225,25,0
Clothianidin,238,25,0
Clothianidin,238,25,0
Clothianidin,238,25,0
Clothianidin,239,25,0
Clothianidin,213,26,0
Clothianidin,218,26,0
Clothianidin,219,26,0
Clothianidin,222,26,0
Clothianidin,222,26,0
Clothianidin,224,26,0
Clothianidin,225,26,0
Clothianidin,227,26,0
Clothianidin,227,26,0
Clothianidin,229,26,0
Clothianidin,231,26,0
Clothianidin,231,26,0
Clothianidin,235,26,0
Clothianidin,236,26,0
Clothianidin,236,26,0
Clothianidin,238,26,0
Clothianidin,216,27,0
Clothianidin,218,27,0
Clothianidin,223,27,0
Clothianidin,228,27,0
Clothianidin,230,27,0
Clothianidin,214,28,0
Clothianidin,214,28,0
Clothianidin,215,28,0
Clothianidin,218,28,0
Clothianidin,218,28,0
Clothianidin,218,28,0
Clothianidin,230,28,0
Clothianidin,231,28,0
Clothianidin,232,28,0
Clothianidin,233,28,0
Clothianidin,215,29,0
Clothianidin,218,29,0
Clothianidin,218,29,0
Clothianidin,219,29,0
Clothianidin,221,29,0
Clothianidin,223,29,0
Clothianidin,223,29,0
Clothianidin,223,29,0
Clothianidin,223,29,0
Clothianidin,223,29,0
Clothianidin,224,29,0
Clothianidin,226,29,0
Clothianidin,226,29,0
Clothianidin,226,29,0
Clothianidin,227,29,0
Clothianidin,228,29,0
Clothianidin,231,29,0
Clothianidin,232,29,0
Clothianidin,233,29,0
Clothianidin,234,29,0
Clothianidin,215,30,0
Clothianidin,216,30,0
Clothianidin,216,30,0
Clothianidin,216,30,0
Clothianidin,216,30,0
Clothianidin,216,30,0
Clothianidin,221,30,0
Clothianidin,224,30,0
Clothianidin,228,30,0
Clothianidin,231,30,0
Clothianidin,231,30,0
Clothianidin,239,30,0
Clothianidin,239,30,0
Clothianidin,240,30,0
Clothianidin,240,30,0
Clothianidin,211,30,1
Clothianidin,213,30,1
Clothianidin,213,30,1
Clothianidin,213,30,1
Clothianidin,214,30,1
Clothianidin,217,30,1
Clothianidin,217,30,1
Clothianidin,217,30,1
Clothianidin,217,30,1
Clothianidin,217,30,1
Clothianidin,217,30,1
Clothianidin,218,30,1
Clothianidin,218,30,1
Clothianidin,218,30,1
Clothianidin,219,30,1
Clothianidin,219,30,1
Clothianidin,219,30,1
Clothianidin,219,30,1
Clothianidin,220,30,1
Clothianidin,220,30,1
Clothianidin,221,30,1
Clothianidin,221,30,1
Clothianidin,221,30,1
Clothianidin,222,30,1
Clothianidin,222,30,1
Clothianidin,224,30,1
Clothianidin,224,30,1
Clothianidin,225,30,1
Clothianidin,225,30,1
Clothianidin,225,30,1
Clothianidin,225,30,1
Clothianidin,226,30,1
Clothianidin,226,30,1
Clothianidin,226,30,1
Clothianidin,228,30,1
Clothianidin,228,30,1
Clothianidin,228,30,1
Clothianidin,229,30,1
Clothianidin,229,30,1
Clothianidin,229,30,1
Clothianidin,229,30,1
Clothianidin,229,30,1
Clothianidin,229,30,1
Clothianidin,230,30,1
Clothianidin,231,30,1
Clothianidin,231,30,1
Clothianidin,231,30,1
Clothianidin,232,30,1
Clothianidin,232,30,1
Clothianidin,232,30,1
Clothianidin,232,30,1
Clothianidin,232,30,1
Clothianidin,233,30,1
Clothianidin,233,30,1
Clothianidin,233,30,1
Clothianidin,235,30,1
Clothianidin,236,30,1
Clothianidin,236,30,1
Clothianidin,236,30,1
Clothianidin,237,30,1
Clothianidin,240,30,1
Clothianidin,240,30,1
Clothianidin,240,30,1
zDimethoate,248,1,0
zDimethoate,252,2,0
zDimethoate,267,2,0
zDimethoate,252,3,0
zDimethoate,254,3,0
zDimethoate,264,3,0
zDimethoate,264,3,0
zDimethoate,248,4,0
zDimethoate,250,4,0
zDimethoate,250,4,0
zDimethoate,250,4,0
zDimethoate,252,4,0
zDimethoate,252,4,0
zDimethoate,254,4,0
zDimethoate,255,4,0
zDimethoate,256,4,0
zDimethoate,257,4,0
zDimethoate,261,4,0
zDimethoate,261,4,0
zDimethoate,261,4,0
zDimethoate,261,4,0
zDimethoate,261,4,0
zDimethoate,263,4,0
zDimethoate,263,4,0
zDimethoate,267,4,0
zDimethoate,267,4,0
zDimethoate,245,5,0
zDimethoate,245,5,0
zDimethoate,245,5,0
zDimethoate,245,5,0
zDimethoate,245,5,0
zDimethoate,245,5,0
zDimethoate,245,5,0
zDimethoate,255,5,0
zDimethoate,255,5,0
zDimethoate,255,5,0
zDimethoate,256,5,0
zDimethoate,256,5,0
zDimethoate,256,5,0
zDimethoate,258,5,0
zDimethoate,259,5,0
zDimethoate,263,5,0
zDimethoate,263,5,0
zDimethoate,263,5,0
zDimethoate,266,5,0
zDimethoate,266,5,0
zDimethoate,266,5,0
zDimethoate,267,5,0
zDimethoate,267,5,0
zDimethoate,267,5,0
zDimethoate,268,5,0
zDimethoate,268,5,0
zDimethoate,269,5,0
zDimethoate,270,5,0
zDimethoate,270,5,0
zDimethoate,242,6,0
zDimethoate,242,6,0
zDimethoate,243,6,0
zDimethoate,246,6,0
zDimethoate,247,6,0
zDimethoate,247,6,0
zDimethoate,254,6,0
zDimethoate,254,6,0
zDimethoate,255,6,0
zDimethoate,256,6,0
zDimethoate,256,6,0
zDimethoate,256,6,0
zDimethoate,257,6,0
zDimethoate,269,6,0
zDimethoate,241,7,0
zDimethoate,241,7,0
zDimethoate,242,7,0
zDimethoate,244,7,0
zDimethoate,245,7,0
zDimethoate,246,7,0
zDimethoate,246,7,0
zDimethoate,246,7,0
zDimethoate,246,7,0
zDimethoate,246,7,0
zDimethoate,246,7,0
zDimethoate,248,7,0
zDimethoate,248,7,0
zDimethoate,249,7,0
zDimethoate,249,7,0
zDimethoate,249,7,0
zDimethoate,250,7,0
zDimethoate,250,7,0
zDimethoate,251,7,0
zDimethoate,251,7,0
zDimethoate,252,7,0
zDimethoate,252,7,0
zDimethoate,253,7,0
zDimethoate,254,7,0
zDimethoate,255,7,0
zDimethoate,256,7,0
zDimethoate,256,7,0
zDimethoate,256,7,0
zDimethoate,257,7,0
zDimethoate,258,7,0
zDimethoate,258,7,0
zDimethoate,258,7,0
zDimethoate,259,7,0
zDimethoate,259,7,0
zDimethoate,260,7,0
zDimethoate,261,7,0
zDimethoate,262,7,0
zDimethoate,262,7,0
zDimethoate,262,7,0
zDimethoate,263,7,0
zDimethoate,263,7,0
zDimethoate,264,7,0
zDimethoate,264,7,0
zDimethoate,264,7,0
zDimethoate,265,7,0
zDimethoate,265,7,0
zDimethoate,265,7,0
zDimethoate,267,7,0
zDimethoate,268,7,0
zDimethoate,269,7,0
zDimethoate,269,7,0
zDimethoate,270,7,0
zDimethoate,270,7,0
zDimethoate,270,7,0
zDimethoate,270,7,0
zDimethoate,241,8,0
zDimethoate,241,8,0
zDimethoate,241,8,0
zDimethoate,241,8,0
zDimethoate,242,8,0
zDimethoate,242,8,0
zDimethoate,245,8,0
zDimethoate,245,8,0
zDimethoate,246,8,0
zDimethoate,247,8,0
zDimethoate,247,8,0
zDimethoate,247,8,0
zDimethoate,248,8,0
zDimethoate,248,8,0
zDimethoate,248,8,0
zDimethoate,250,8,0
zDimethoate,250,8,0
zDimethoate,251,8,0
zDimethoate,252,8,0
zDimethoate,253,8,0
zDimethoate,253,8,0
zDimethoate,253,8,0
zDimethoate,253,8,0
zDimethoate,253,8,0
zDimethoate,254,8,0
zDimethoate,254,8,0
zDimethoate,255,8,0
zDimethoate,257,8,0
zDimethoate,257,8,0
zDimethoate,258,8,0
zDimethoate,258,8,0
zDimethoate,260,8,0
zDimethoate,260,8,0
zDimethoate,261,8,0
zDimethoate,261,8,0
zDimethoate,264,8,0
zDimethoate,264,8,0
zDimethoate,264,8,0
zDimethoate,264,8,0
zDimethoate,265,8,0
zDimethoate,265,8,0
zDimethoate,266,8,0
zDimethoate,266,8,0
zDimethoate,266,8,0
zDimethoate,267,8,0
zDimethoate,269,8,0
zDimethoate,269,8,0
zDimethoate,270,8,0
zDimethoate,270,8,0
zDimethoate,241,9,0
zDimethoate,242,9,0
zDimethoate,242,9,0
zDimethoate,243,9,0
zDimethoate,243,9,0
zDimethoate,244,9,0
zDimethoate,244,9,0
zDimethoate,246,9,0
zDimethoate,246,9,0
zDimethoate,247,9,0
zDimethoate,247,9,0
zDimethoate,247,9,0
zDimethoate,248,9,0
zDimethoate,249,9,0
zDimethoate,249,9,0
zDimethoate,250,9,0
zDimethoate,251,9,0
zDimethoate,251,9,0
zDimethoate,252,9,0
zDimethoate,252,9,0
zDimethoate,253,9,0
zDimethoate,253,9,0
zDimethoate,254,9,0
zDimethoate,255,9,0
zDimethoate,257,9,0
zDimethoate,257,9,0
zDimethoate,259,9,0
zDimethoate,260,9,0
zDimethoate,260,9,0
zDimethoate,260,9,0
zDimethoate,261,9,0
zDimethoate,262,9,0
zDimethoate,262,9,0
zDimethoate,263,9,0
zDimethoate,265,9,0
zDimethoate,269,9,0
zDimethoate,269,9,0
zDimethoate,270,9,0
zDimethoate,270,9,0
zDimethoate,241,10,0
zDimethoate,241,10,0
zDimethoate,242,10,0
zDimethoate,242,10,0
zDimethoate,242,10,0
zDimethoate,244,10,0
zDimethoate,247,10,0
zDimethoate,247,10,0
zDimethoate,248,10,0
zDimethoate,248,10,0
zDimethoate,249,10,0
zDimethoate,249,10,0
zDimethoate,250,10,0
zDimethoate,250,10,0
zDimethoate,251,10,0
zDimethoate,252,10,0
zDimethoate,254,10,0
zDimethoate,254,10,0
zDimethoate,255,10,0
zDimethoate,257,10,0
zDimethoate,257,10,0
zDimethoate,258,10,0
zDimethoate,258,10,0
zDimethoate,258,10,0
zDimethoate,259,10,0
zDimethoate,259,10,0
zDimethoate,259,10,0
zDimethoate,259,10,0
zDimethoate,260,10,0
zDimethoate,262,10,0
zDimethoate,264,10,0
zDimethoate,266,10,0
zDimethoate,268,10,0
zDimethoate,268,10,0
zDimethoate,269,10,0
zDimethoate,269,10,0
zDimethoate,270,10,0
zDimethoate,243,11,0
zDimethoate,243,11,0
zDimethoate,243,11,0
zDimethoate,243,11,0
zDimethoate,244,11,0
zDimethoate,244,11,0
zDimethoate,244,11,0
zDimethoate,249,11,0
zDimethoate,249,11,0
zDimethoate,249,11,0
zDimethoate,251,11,0
zDimethoate,251,11,0
zDimethoate,258,11,0
zDimethoate,259,11,0
zDimethoate,259,11,0
zDimethoate,260,11,0
zDimethoate,260,11,0
zDimethoate,262,11,0
zDimethoate,263,11,0
zDimethoate,263,11,0
zDimethoate,265,11,0
zDimethoate,265,11,0
zDimethoate,243,12,0
zDimethoate,243,12,0
zDimethoate,244,12,0
zDimethoate,251,12,0
zDimethoate,251,12,0
zDimethoate,259,12,0
zDimethoate,261,12,0
zDimethoate,265,12,0
zDimethoate,266,12,0
zDimethoate,266,12,0
zDimethoate,268,12,0
zDimethoate,268,12,0
zDimethoate,268,12,0
zDimethoate,244,13,0
zDimethoate,253,13,0
zDimethoate,265,13,0
zDimethoate,267,13,0
zDimethoate,267,13,0
zDimethoate,241,14,0
zDimethoate,244,14,0
zDimethoate,257,14,0
zDimethoate,262,14,0
zDimethoate,266,14,0
zDimethoate,268,14,0
zDimethoate,262,15,0
zDimethoate,262,16,0
zDimethoate,253,18,0
zDimethoate,260,18,0
zDimethoate,243,20,0
zDimethoate,243,22,0
